"INSEE_COM","STATUT","POPULATION","TX_LOG_SEC","TYPO_LOG_SEC","POP_CHOM","POP_ACT","POP_OCC","TX_CHOM"
"31001","Commune simple",115,28.169014084507,"forte",8,55,47,14.5454545454545
"31002","Commune simple",250,8.16944756463101,"moyenne",9.036293853492,120.481853073255,111.445559219763,7.5001285446679
"31003","Commune simple",1256,1.18386897063508,"faible",51.6005505944333,703.120862984345,651.520312389912,7.3387881530664
"31004","Commune simple",2641,0.845070422535211,"faible",97,1354,1257,7.16395864106352
"31005","Commune simple",315,20.3622232532029,"forte",20.2195945945946,135.152027027027,114.932432432433,14.9606299212598
"31006","Commune simple",210,0,"faible",1.02439024390244,106.536585365854,105.512195121951,0.961538461538461
"31007","Commune simple",67,22.478527607362,"forte",4,31,27,12.9032258064516
"31008","Commune simple",240,14.7291981482814,"moyenne",14.8760330578512,92.2314049586777,77.3553719008265,16.1290322580645
"31009","Commune simple",130,40.0228461252846,"forte",6.92585446232588,35.6561879090397,28.7303334467138,19.4239902481836
"31010","Commune simple",113,33.4933625467199,"forte",3.08181818181819,52.3909090909092,49.309090909091,5.88235294117647
"31011","Commune simple",262,45.7831325301205,"forte",18,93,75,19.3548387096774
"31012","Commune simple",100,46.2498377323568,"forte",4.08163265306124,33.6734693877552,29.591836734694,12.1212121212121
"31013","Commune simple",362,13.1722105620217,"moyenne",21.8791208791209,157.131868131868,135.252747252747,13.9240506329114
"31014","Commune simple",71,60.6347731468464,"forte",0,23.3285714285713,23.3285714285713,0
"31015","Commune simple",25,80.3928224154838,"forte",0,9.09090909090912,9.09090909090912,0
"31017","Commune simple",99,56.8,"forte",4,46,42,8.69565217391304
"31018","Commune simple",232,6.92307692307692,"moyenne",12,99,87,12.1212121212121
"31019","Commune simple",29,68.6947988223748,"forte",1.03571428571429,15.5357142857144,14.5000000000001,6.66666666666667
"31020","Commune simple",889,21.2080536912752,"forte",72,371,299,19.4070080862534
"31021","Commune simple",139,11.4296008070327,"moyenne",5.2651515151515,70.5530303030301,65.2878787878786,7.46268656716418
"31022","Commune simple",8413,0.753968187406835,"faible",568.534250598053,4692.20005664154,4123.66580604348,12.1165816404892
"31023","Commune simple",312,18.4100418410048,"forte",14.6439868783992,117.325393677667,102.681406799267,12.4815152281793
"31024","Commune simple",429,2.66596141647294,"moyenne",11.1050119331753,195.852028639637,184.747016706461,5.6701030927835
"31025","Commune simple",875,0.890297273050914,"faible",15.5728587319244,428.25361512792,412.680756395996,3.63636363636364
"31026","Commune simple",1035,5.86266123328951,"moyenne",58.5605561119474,488.74970051336,430.189144401412,11.9817068021603
"31027","Commune simple",207,3.49359507569456,"moyenne",7.88571428571429,107.442857142857,99.5571428571429,7.3394495412844
"31028","Commune simple",1200,12.6178387611999,"moyenne",54.521839287027,423.786951752838,369.265112465811,12.8653888614356
"31029","Commune simple",330,2.92807266824281,"moyenne",3.1230283911672,176.971608832808,173.848580441641,1.76470588235294
"31030","Commune simple",72,15.3846153846154,"moyenne",9,37,28,24.3243243243243
"31031","Commune simple",578,5.64031256745695,"moyenne",22.1548962741748,241.360605953539,219.205709679364,9.17916831814698
"31032","Commune simple",6980,0.772985428603634,"faible",309.822389354932,3373.05322533989,3063.23083598496,9.18522088615166
"31033","Commune simple",9584,1.25320529803747,"faible",619.985097190875,4512.49364568323,3892.50854849235,13.7393012793263
"31034","Commune simple",239,19.5951003244915,"forte",8.17094017094016,112.350427350427,104.179487179487,7.27272727272727
"31035","Commune simple",4161,2.16412630729388,"moyenne",166.463050770405,1794.23005790959,1627.76700713919,9.27768710799255
"31036","Commune simple",1446,0.472564566096527,"faible",49.3483580167418,699.256922086284,649.908564069543,7.05725699067909
"31037","Commune simple",1491,1.97527185886642,"moyenne",63.2990190816935,757.754168157424,694.45514907573,8.3535032523296
"31038","Commune simple",652,4.95171476325698,"moyenne",25.3722422242774,323.914535508134,298.542293283857,7.83300514269148
"31039","Commune simple",69,28.2608695652174,"forte",3,32,29,9.375
"31040","Commune simple",39,51.1461318051576,"forte",3.44117647058823,14.9117647058823,11.4705882352941,23.0769230769231
"31041","Commune simple",104,38.4286775913764,"forte",1.85714285714286,50.1428571428572,48.2857142857143,3.7037037037037
"31042","Commune simple",2324,73.2482863670982,"forte",111,884,773,12.5565610859729
"31043","Commune simple",156,12.6726040406172,"moyenne",5.27027027027025,66.4054054054051,61.1351351351349,7.93650793650794
"31044","Commune simple",16394,2.45953310414682,"moyenne",781.065442331514,7559.95690189021,6778.8914595587,10.3316123685338
"31045","Commune simple",474,21.3758058775592,"forte",24.0704609340108,191.638844848685,167.568383914675,12.5603245798191
"31046","Commune simple",12,77.2455089820359,"forte",0,6,6,0
"31047","Commune simple",88,16.8114629491865,"forte",6.92134831460674,46.4719101123595,39.5505617977528,14.8936170212766
"31048","Commune simple",3338,1.27569099929128,"faible",112,1624,1512,6.89655172413793
"31049","Commune simple",559,1.22917786136487,"faible",21.9097848417184,283.11278380666,261.202998964942,7.73888926777702
"31050","Commune simple",628,3.58748551577611,"moyenne",38.9983865599078,248.528987313323,209.530600753415,15.6916852965494
"31051","Commune simple",451,3.50877192982456,"moyenne",19,238,219,7.98319327731092
"31052","Commune simple",1557,2.88937024951856,"moyenne",74,797,723,9.28481806775408
"31053","Commune simple",1337,0.646551724137931,"faible",65,605,540,10.7438016528926
"31054","Commune simple",171,11.5455685712366,"moyenne",3.93103448275862,86.4827586206896,82.551724137931,4.54545454545455
"31055","Commune simple",164,2.7517552556502,"moyenne",3.85882352941176,82.9647058823529,79.1058823529412,4.65116279069767
"31056","Commune simple",6294,1.07060700490026,"faible",362.611089356419,3148.21312634174,2785.60203698532,11.5179968701095
"31057","Commune simple",1502,0.821040285108632,"faible",54.2764827169856,745.200404556048,690.923921839062,7.28347467139672
"31058","Commune simple",121,2.14705022379164,"moyenne",2.18018018018018,63.2252252252252,61.045045045045,3.44827586206897
"31059","Commune simple",111,20.3676766644856,"forte",4.85684367784286,49.2298949315424,44.3730512536996,9.86563892650316
"31060","Commune simple",110,8.62007689573844,"moyenne",6.69565217391304,66,59.304347826087,10.1449275362319
"31061","Commune simple",195,10.3448275862069,"moyenne",5,90,85,5.55555555555556
"31062","Commune simple",112,4.84076433121019,"moyenne",2.94736842105263,54.0350877192982,51.0877192982456,5.45454545454546
"31063","Commune simple",161,6.93196405648267,"moyenne",7.95061728395062,70.5617283950617,62.6111111111111,11.2676056338028
"31064","Commune simple",25,64.5833333333333,"forte",0,11,11,0
"31065","Commune simple",2984,2.48259533063074,"moyenne",170.175066312997,1523.66047745358,1353.48541114058,11.1688311688312
"31066","Commune simple",4050,1.96495660135433,"moyenne",193.489460815571,1880.44126616224,1686.95180534667,10.2895774676579
"31067","Commune simple",42,60.9843410470664,"forte",1.90909090909091,17.1818181818182,15.2727272727273,11.1111111111111
"31068","Commune simple",20,58.2712369597616,"forte",0,6.95652173913043,6.95652173913043,0
"31069","Commune simple",24288,3.22733676081174,"moyenne",1596.38593769988,12975.5591341198,11379.17319642,12.303022329898
"31070","Commune simple",531,18.2359184293046,"forte",27.1821610496259,203.147086197011,175.964925147386,13.3805320856361
"31071","Commune simple",425,2.5,"moyenne",30,208,178,14.4230769230769
"31072","Commune simple",71,19.6236559139785,"forte",1.94520547945205,23.3424657534246,21.3972602739726,8.33333333333333
"31073","Commune simple",534,5.03309383074366,"moyenne",29.0603386538852,271.129589857576,242.069251203691,10.7182468240189
"31074","Commune simple",294,2.54382944011628,"moyenne",10.7299270072993,151.29197080292,140.562043795621,7.09219858156028
"31075","Commune simple",1164,1.72938855140975,"faible",46.1370767960364,605.549132947977,559.412056151941,7.61904761904762
"31076","Commune simple",489,8.39090143218204,"moyenne",26.8858308934619,258.196158948551,231.310328055089,10.4129476607819
"31077","Commune simple",525,2.0228906042871,"moyenne",25.2245264131368,254.595208252647,229.370681839511,9.90769880794664
"31078","Commune simple",143,10.3728813559322,"moyenne",6,41,35,14.6341463414634
"31079","Commune simple",4577,0.831516806352528,"faible",198.460113080788,2245.62888665697,2047.16877357618,8.83761846224879
"31080","Commune simple",1596,7.39644334373919,"moyenne",78.7593851330067,560.0623899727,481.303004839693,14.0626091919591
"31081","Commune simple",6,63.4146341463415,"forte",0,3,3,0
"31082","Commune simple",1014,2.23214285714286,"moyenne",45,547,502,8.22669104204753
"31083","Commune simple",244,17.6830260138615,"forte",7.29914529914528,96.9743589743587,89.6752136752134,7.52688172043011
"31084","Commune simple",1090,4.21307370653534,"moyenne",86.2662942271882,515.567970204842,429.301675977654,16.7322834645669
"31085","Commune simple",242,73.9017126292722,"forte",6.92286501377421,99.8870523415994,92.9641873278251,6.93069306930693
"31086","Commune simple",100,6.17067833698034,"moyenne",2.12765957446808,48.9361702127658,46.8085106382978,4.34782608695652
"31087","Commune simple",324,4.99123716197117,"moyenne",10.8658536585366,164.963414634146,154.09756097561,6.58682634730539
"31088","Commune simple",2786,0.928026148643272,"faible",146.243935077991,1435.0476052139,1288.80367013591,10.1908769121421
"31089","Commune simple",646,1.70940170940171,"faible",18,304,286,5.92105263157895
"31090","Commune simple",393,4.75805146546132,"moyenne",25.0282968363362,178.498089909018,153.469793072681,14.0216048525188
"31091","Commune simple",5654,0.545588403887604,"faible",283.519104026214,2888.42760799516,2604.90850396895,9.8156901437112
"31092","Commune simple",123,46.4537666918619,"forte",2.952,53.136,50.184,5.55555555555556
"31093","Commune simple",955,1.06324472960587,"faible",47.711302262117,471.712606739968,424.001304477851,10.1144852989731
"31094","Commune simple",2716,2.78490289483323,"moyenne",110.745461539721,1345.90219247069,1235.15673093097,8.2283439435093
"31095","Commune simple",128,13.6986301369863,"moyenne",6,64,58,9.375
"31096","Commune simple",163,7.11011436085993,"moyenne",5.52542372881356,74.5932203389831,69.0677966101695,7.40740740740741
"31097","Commune simple",459,3.42870809681452,"moyenne",23.5062904236303,219.732714829587,196.226424405957,10.6976744186047
"31098","Commune simple",1083,1.85873605947955,"moyenne",51,475,424,10.7368421052632
"31099","Commune simple",321,6.18949477615758,"moyenne",13.1692307692308,162.146153846154,148.976923076923,8.12182741116751
"31100","Commune simple",2380,3.38607623622783,"moyenne",126.010781673821,1106.87061996911,980.859838295286,11.3844183231947
"31101","Commune simple",465,0,"faible",18.7819369817966,251.923957420286,233.14202043849,7.45539930942837
"31102","Commune simple",212,3.42641583951399,"moyenne",11.2657004830918,98.3188405797101,87.0531400966183,11.4583333333333
"31103","Commune simple",57,7.1955387659651,"moyenne",2.85,37.05,34.2,7.69230769230769
"31104","Commune simple",670,0.355720566643442,"faible",34.4108761329307,342.084592145017,307.673716012086,10.0591715976331
"31105","Commune simple",217,2.97678409018764,"moyenne",5.97230266263943,98.549330524318,92.5770278616786,6.06021637170403
"31106","Commune simple",2490,0.936967632027257,"faible",114,1229,1115,9.27583401139137
"31107","Commune simple",5607,1.81107803340467,"moyenne",381.759731384085,2561.44541510667,2179.68568372259,14.9040744390872
"31108","Commune simple",270,8.44155844155844,"moyenne",16,105,89,15.2380952380952
"31109","Commune simple",457,13.8297872340426,"moyenne",38,166,128,22.8915662650602
"31110","Commune simple",629,11.467452543989,"moyenne",32.6983678353262,282.934031388482,250.235663553155,11.5568875454327
"31111","Commune simple",292,8.27586206896552,"moyenne",23,148,125,15.5405405405405
"31112","Commune simple",187,5.93975322271249,"moyenne",6.92592592592592,85.0899470899471,78.1640211640211,8.13953488372093
"31113","Commune simple",12963,0.935253411113196,"faible",671.737764214941,6763.97787758069,6092.24011336575,9.93110528113088
"31114","Commune simple",256,20.5514062206667,"forte",8.192,104.448,96.256,7.84313725490196
"31115","Commune simple",61,21.0087536473531,"forte",3.87301587301587,23.2380952380952,19.3650793650794,16.6666666666667
"31116","Commune simple",10199,0.508974176595276,"faible",558.314488319439,5115.23607781594,4556.9215894965,10.9147355044036
"31117","Commune simple",4238,0.720720720720721,"faible",173,1929,1756,8.96837739761535
"31118","Commune simple",6226,1.51247719049845,"faible",326.248331830358,3372.17342943632,3045.92509760596,9.67471984039959
"31119","Commune simple",216,16.18429930515,"forte",14.0651162790698,100.46511627907,86.4000000000002,14
"31120","Commune simple",750,4.5045045045045,"moyenne",33,394,361,8.3756345177665
"31121","Commune simple",64,17.7049180327869,"forte",1.96923076923077,24.6153846153846,22.6461538461539,8
"31122","Commune simple",118,6.25,"moyenne",11,59,48,18.6440677966102
"31123","Commune simple",54,61.7455816218384,"forte",1.5,30.75,29.25,4.8780487804878
"31124","Commune simple",380,7.92428714889997,"moyenne",13.1753029434945,202.290407151951,189.115104208456,6.51306363410396
"31125","Commune simple",37,64.4370658394861,"forte",0,9.51428571428574,9.51428571428574,0
"31126","Commune simple",377,4.8780487804878,"moyenne",9,208,199,4.32692307692308
"31127","Commune simple",4,88.8888888888889,"forte",0,2,2,0
"31128","Commune simple",836,3.8718178544889,"moyenne",38.1574801697389,432.779249235249,394.62176906551,8.81684605654403
"31129","Commune simple",28,60.7142857142857,"forte",0,8,8,0
"31130","Commune simple",90,17.1875,"forte",2.09302325581396,34.5348837209303,32.4418604651164,6.06060606060606
"31131","Commune simple",72,47.1072541165999,"forte",2.95890410958904,27.6164383561644,24.6575342465753,10.7142857142857
"31132","Commune simple",58,33.4028166149779,"forte",1.93333333333333,19.3333333333333,17.4,10
"31133","Commune simple",94,41.4758397620832,"forte",0.969072164948454,40.7010309278351,39.7319587628866,2.38095238095238
"31134","Commune simple",70,25.531914893617,"forte",5.83333333333333,38.8888888888889,33.0555555555555,15
"31135","Commune simple",4883,2.22688781203986,"moyenne",453.789838888532,2025.86394159673,1572.0741027082,22.3998181502193
"31136","Commune simple",1754,0.643151839741364,"faible",76.3139441808725,855.017146770713,778.703202589841,8.92542850972055
"31137","Commune simple",173,0,"faible",4.2716049382716,89.7037037037036,85.432098765432,4.76190476190476
"31138","Commune simple",237,8.47293539733865,"moyenne",11.2370689655172,98.0689655172413,86.8318965517241,11.4583333333333
"31139","Commune simple",186,41.2047999508281,"forte",12.8617021276596,69.2553191489362,56.3936170212766,18.5714285714286
"31140","Commune simple",185,33.3333333333333,"forte",9,79,70,11.3924050632911
"31141","Commune simple",243,11.9400937059439,"moyenne",14.2941176470589,94.5610859728509,80.2669683257921,15.1162790697674
"31142","Commune simple",252,49.8177498058186,"forte",6.09677419354836,130.064516129032,123.967741935483,4.6875
"31143","Commune simple",280,22.4852071005917,"forte",23,119,96,19.327731092437
"31144","Commune simple",738,39.6148555708391,"forte",37,290,253,12.7586206896552
"31145","Commune simple",2899,2.33774191098878,"moyenne",176.405855227161,1350.91732809277,1174.51147286561,13.0582272918366
"31146","Commune simple",12,78.4513651877134,"forte",0,4.28571428571428,4.28571428571428,0
"31147","Commune simple",616,4.07123639393075,"moyenne",37.6583526175161,321.063926916111,283.405574298595,11.729238154916
"31148","Commune simple",512,5.37583352257489,"moyenne",35.7762649332496,242.852885384439,207.076620451189,14.7316614651769
"31149","Commune simple",38716,1.70671104747778,"faible",2688.87443621163,19782.7087026515,17093.8342664399,13.5920438228524
"31150","Commune simple",6521,6.53060433324871,"moyenne",304.917301957435,3451.11375372457,3146.19645176713,8.83533038076062
"31151","Commune simple",800,0.977198697068404,"faible",28,405,377,6.91358024691358
"31152","Commune simple",95,16.4240324409987,"forte",5.10752688172045,40.8602150537636,35.7526881720432,12.5
"31153","Commune simple",433,7.97276626756977,"moyenne",14.5371702637889,178.599520383692,164.062350119903,8.13953488372093
"31155","Commune simple",241,18.6450459102815,"forte",12.2542372881356,102.118644067797,89.8644067796614,12
"31156","Commune simple",340,14.5662650610342,"moyenne",20.8853440211068,145.146551564855,124.261207543748,14.3891424191189
"31157","Commune simple",17771,0.654916092288671,"faible",1111.01577633136,8700.132674403,7589.11689807164,12.7701015364987
"31158","Commune simple",187,7.68566054999238,"moyenne",8.9047619047619,79.1534391534391,70.2486772486772,11.25
"31159","Commune simple",460,7.68375029119526,"moyenne",15.1177168936127,161.302626342121,146.184909448508,9.3722695261937
"31160","Commune simple",2322,1.44290781001438,"faible",84.579415501906,1255.90597204574,1171.32655654384,6.734534064213
"31161","Commune simple",1119,2.08718636116136,"moyenne",45.9991610738255,625.213087248322,579.213926174497,7.35735735735736
"31162","Commune simple",1020,0.482941805512466,"faible",35.5251064562168,509.227935078548,473.702828622331,6.97626819132322
"31163","Commune simple",2654,0.921519339486729,"faible",122.056841222984,1417.31006396716,1295.25322274418,8.61186583839934
"31164","Commune simple",223,8.48083393811445,"moyenne",5.3605769230769,106.139423076923,100.778846153846,5.05050505050505
"31165","Commune simple",6091,1.16835371165418,"faible",302.888995829323,3146.13731151748,2843.24831568816,9.62732919254658
"31166","Commune simple",249,3.37817129235483,"moyenne",11.0443548387097,106.427419354839,95.3830645161294,10.377358490566
"31167","Commune simple",695,18.2379213242715,"forte",43.1864161849712,298.287572254336,255.101156069365,14.4781144781145
"31168","Commune simple",114,21.5183977643224,"forte",0.974358974358974,49.6923076923077,48.7179487179487,1.96078431372549
"31169","Commune simple",6557,0.839748075577327,"faible",269,3300,3031,8.15151515151515
"31170","Commune simple",245,10,"moyenne",11,88,77,12.5
"31171","Commune simple",322,2.33824913421732,"moyenne",13.246835443038,153.867088607595,140.620253164557,8.60927152317881
"31172","Commune simple",58,8.45676063067367,"moyenne",1.96610169491525,24.5762711864407,22.6101694915254,8
"31173","Commune simple",253,15.0700445410929,"moyenne",11.4566037735849,125.067924528302,113.611320754717,9.16030534351145
"31174","Commune simple",523,27.5827889896342,"forte",22.5849955400429,230.446499936581,207.861504396538,9.80053745500944
"31175","Commune simple",598,0.692041522491349,"faible",31,253,222,12.2529644268775
"31176","Commune simple",185,34.3373237336515,"forte",14,86,72,16.2790697674419
"31177","Commune simple",130,42.2468151504788,"forte",4.77941176470588,52.5735294117647,47.7941176470588,9.09090909090909
"31178","Commune simple",203,17.6399673793568,"forte",7.14070351758792,79.5678391959797,72.4271356783918,8.97435897435897
"31179","Commune simple",346,8.87003938200556,"moyenne",24.3022134509371,184.115154717463,159.812941266526,13.1994639377896
"31180","Commune simple",117,7.45632386739194,"moyenne",2.01724137931034,58.4999999999999,56.4827586206895,3.44827586206897
"31181","Commune simple",2028,0.91667653755544,"faible",99.6279136735135,1078.45246818802,978.824554514508,9.23804401327996
"31182","Commune simple",5070,0.489795918367347,"faible",355,2580,2225,13.7596899224806
"31183","Commune simple",299,12.0650107832786,"moyenne",14.484429065744,141.740484429066,127.256055363322,10.2189781021898
"31184","Commune simple",1916,0.267512984383271,"faible",82.0743612398495,916.401420265522,834.327059025673,8.95615823206263
"31185","Commune simple",122,3.49881162744002,"moyenne",4.135593220339,57.898305084746,53.762711864407,7.14285714285714
"31186","Commune simple",2964,0.618441325215045,"faible",186.927876551493,1587.89265347199,1400.9647769205,11.7720726361929
"31187","Commune simple",11748,0.946994223913108,"faible",563.286472607714,6002.53501012609,5439.24853751838,9.38414306051472
"31188","Commune simple",5755,1.59692308659067,"faible",235.589282523485,2976.44060222769,2740.85131970421,7.91513468628134
"31189","Commune simple",208,12.0750406652276,"moyenne",7.84905660377358,113.811320754717,105.962264150943,6.89655172413793
"31190","Commune simple",240,62.3758515951884,"forte",6.18025751072964,77.2532188841205,71.0729613733909,8
"31191","Commune simple",94,43.0894308943089,"forte",5,41,36,12.1951219512195
"31192","Commune simple",757,1.54928050986924,"faible",20.2767857142857,378.5,358.223214285714,5.35714285714286
"31193","Commune simple",1898,3.36214193451227,"moyenne",79.1136281912982,855.895001797915,776.781373606617,9.24338009044451
"31194","Commune simple",178,5.38187009279085,"moyenne",8.18390804597704,95.1379310344831,86.954022988506,8.60215053763441
"31195","Commune simple",28,23.5294117647059,"forte",3,14,11,21.4285714285714
"31196","Commune simple",243,6.42951939482115,"moyenne",19.6468085106383,133.391489361702,113.744680851064,14.7286821705426
"31197","Commune simple",334,7.5039728500018,"moyenne",9.21581569635564,139.546533873362,130.330718177007,6.60411651981191
"31198","Commune simple",106,12.5961332942008,"moyenne",8.23300970873784,46.3106796116504,38.0776699029125,17.7777777777778
"31199","Commune simple",208,36.2742473288387,"forte",4.0193236714976,79.3816425120776,75.36231884058,5.06329113924051
"31200","Commune simple",74,44.6372837318311,"forte",1.87341772151899,31.8481012658228,29.9746835443038,5.88235294117647
"31201","Commune simple",68,16.2162162162162,"forte",5,31,26,16.1290322580645
"31202","Commune simple",6009,2.05607476635514,"moyenne",305,2925,2620,10.4273504273504
"31203","Commune simple",8890,0.375477464707117,"faible",509.361147725105,4639.52248670419,4130.16133897909,10.9787407903468
"31204","Commune simple",80,13.1578947368421,"moyenne",6,37,31,16.2162162162162
"31205","Commune simple",2986,1.18798043326345,"faible",162,1680,1518,9.64285714285714
"31206","Commune simple",1250,4.83016689059426,"moyenne",39.9591332809113,605.431091839509,565.471958558598,6.60011251809048
"31207","Commune simple",84,35.2272727272727,"forte",5,39,34,12.8205128205128
"31208","Commune simple",322,20.5263157894737,"forte",14,129,115,10.8527131782946
"31209","Commune simple",158,4,"moyenne",9,87,78,10.3448275862069
"31210","Commune simple",1259,2.53807106598985,"moyenne",30,643,613,4.6656298600311
"31211","Commune simple",689,0.959534294907076,"faible",23.134306569343,348.020437956203,324.88613138686,6.64739884393064
"31212","Commune simple",1756,1.5015015015015,"faible",77,910,833,8.46153846153846
"31213","Commune simple",142,51.8200431703073,"forte",3.91724137931034,67.5724137931034,63.6551724137931,5.79710144927536
"31215","Commune simple",508,0.504535972492946,"faible",9.16281290442096,240.282524351441,231.11971144702,3.81334969288873
"31216","Commune simple",272,1.16645135396154,"faible",11.0814814814815,130.962962962963,119.881481481482,8.46153846153846
"31217","Commune simple",74,34.0605207600282,"forte",1.12121212121212,22.4242424242424,21.3030303030303,5
"31218","Commune simple",133,22.1802474126654,"forte",5.33350909100121,47.7638319633407,42.4303228723395,11.1664179186769
"31219","Commune simple",421,7.02974121282349,"moyenne",33.6798726643813,194.327691569343,160.647818904961,17.3314839446663
"31220","Commune simple",357,5.76801253722448,"moyenne",14.2120502025346,172.814820908982,158.602770706448,8.22386073589124
"31221","Commune simple",66,82.3008849557522,"forte",0,30,30,0
"31222","Commune simple",47,63.2352941176471,"forte",3,12,9,25
"31223","Commune simple",50,9.67806438712253,"moyenne",2.27272727272728,26.1363636363637,23.8636363636364,8.69565217391304
"31224","Commune simple",1208,2.91878172588833,"moyenne",103,463,360,22.2462203023758
"31225","Commune simple",181,5.52740672501149,"moyenne",10.0555555555556,92.5111111111115,82.4555555555559,10.8695652173913
"31226","Commune simple",83,0,"faible",4.82558139534884,46.3255813953488,41.5,10.4166666666667
"31227","Commune simple",846,1.15918655343598,"faible",29.8351661508325,412.327034452367,382.491868301534,7.23580159871353
"31228","Commune simple",1782,0.421403404713165,"faible",57.6972790938748,973.160774050021,915.463494956146,5.92885375494071
"31229","Commune simple",676,4.18072161627579,"moyenne",38.1534008683068,366.859623733719,328.706222865413,10.4
"31230","Commune simple",3673,0.7644814282249,"faible",153.787890756795,1761.33528477864,1607.54739402184,8.73132401796645
"31231","Commune simple",576,1.65233895277437,"faible",39.0376735515625,304.965499712388,265.927826160826,12.8006851884488
"31232","Commune simple",8773,1.4043820198155,"faible",526.356997826907,4369.48936415907,3843.13236633217,12.0461901599847
"31233","Commune simple",988,2.86249787016529,"moyenne",34.0277491221165,474.095912193011,440.068163070895,7.17739770518487
"31234","Commune simple",432,5.14415340461043,"moyenne",18.9124423963134,223.963133640553,205.05069124424,8.44444444444444
"31235","Commune simple",44,68.4210526315789,"forte",1,13,12,7.69230769230769
"31236","Commune simple",75,42.5650365325344,"forte",2,32,30,6.25
"31237","Commune simple",222,10.5421779428557,"moyenne",6.96860986547085,88.6008968609866,81.6322869955157,7.86516853932584
"31238","Commune simple",493,6.38749850635299,"moyenne",16.2161317308595,212.87824120527,196.66210947441,7.6175618696619
"31239","Commune simple",1664,15.6822499290422,"moyenne",112.167453359689,612.037362590196,499.869909230507,18.3268963981196
"31240","Commune simple",593,1.32743362831858,"faible",20,309,289,6.47249190938511
"31241","Commune simple",324,17.0882260055699,"forte",15.454243793552,129.5170055671,114.062761773548,11.9322120874278
"31242","Commune simple",20,64.2893313508738,"forte",1.05263157894737,6.31578947368422,5.26315789473685,16.6666666666667
"31243","Commune simple",93,9.9556033902866,"moyenne",7.23333333333331,46.4999999999999,39.2666666666665,15.5555555555556
"31244","Commune simple",363,34.1232779408642,"forte",13.598245589125,146.839590854925,133.2413452658,9.26061255684091
"31245","Commune simple",193,37.8830039274862,"forte",10.2659574468085,80.0744680851063,69.8085106382978,12.8205128205128
"31246","Commune simple",857,6.05848607807474,"moyenne",49.1790312358677,396.573607153233,347.394575917365,12.4009844197386
"31247","Commune simple",1346,7.55588859747725,"moyenne",57.716087223739,584.956852240395,527.240765016656,9.86672555466021
"31248","Commune simple",5838,0.700164744645799,"faible",318,2883,2565,11.0301768990635
"31249","Commune simple",1278,1.6434641711585,"faible",49.09383974361,691.78342315841,642.6895834148,7.09670658476709
"31250","Commune simple",663,4.04411764705881,"moyenne",35.5870436764324,317.768494973424,282.181451296992,11.1990471803722
"31251","Commune simple",147,8.53658536585366,"moyenne",13,75,62,17.3333333333333
"31252","Commune simple",1899,0.524246395806029,"faible",95,967,872,9.82419855222337
"31253","Commune simple",2501,0.500500500500501,"faible",136,1358,1222,10.0147275405007
"31254","Commune simple",4117,7.77871570543156,"moyenne",193.203999139389,1793.48490699642,1600.28090785703,10.7725466986478
"31255","Commune simple",328,26.4784051468674,"forte",17.356394129979,144.622641509434,127.266247379455,12.0011596723925
"31256","Commune simple",277,2.05587388357584,"moyenne",7.64137931034482,147.096551724138,139.455172413793,5.19480519480519
"31258","Commune simple",206,4.18434816934767,"moyenne",17,116,99,14.6551724137931
"31259","Commune simple",2048,0.800542217564379,"faible",83.1841267665348,947.733546799712,864.549420033177,8.77716390302204
"31260","Commune simple",107,16.7621695452231,"forte",3.14705882352942,52.450980392157,49.3039215686276,6
"31261","Commune simple",1171,3.49344978165939,"moyenne",57,587,530,9.71039182282794
"31262","Commune simple",403,7.68361076385799,"moyenne",22.2763819095477,214.663316582914,192.386934673367,10.377358490566
"31263","Commune simple",2992,0.766220160306157,"faible",156.539721953177,1525.65576857333,1369.11604662016,10.2604876655472
"31264","Commune simple",578,0.955163991801718,"faible",23.67539635501,305.24521707408,281.569820719069,7.7561891327733
"31265","Commune simple",247,8.52713178294574,"moyenne",12,129,117,9.30232558139535
"31266","Commune simple",215,4.6126811003861,"moyenne",9.83968280309142,84.1839528708933,74.3442700678018,11.6883116883117
"31267","Commune simple",57,33.3333333333333,"forte",4,21,17,19.047619047619
"31268","Commune simple",134,4.27007234712467,"moyenne",1.97058823529412,62.0735294117647,60.1029411764706,3.17460317460317
"31269","Commune simple",1431,0.709219858156028,"faible",75,765,690,9.80392156862745
"31270","Commune simple",985,6.50224215246637,"moyenne",47,407,360,11.5479115479115
"31271","Commune simple",2028,2.22474762190364,"moyenne",83.8534220902036,1053.07360087235,969.22017878215,7.96273138180849
"31272","Commune simple",68,3.16659017898118,"moyenne",3.94202898550725,25.6231884057971,21.6811594202899,15.3846153846154
"31273","Commune simple",2794,0.920854211465263,"faible",94.4099217531132,1418.53546286936,1324.12554111625,6.65545023189935
"31274","Commune simple",177,9.03859174001354,"moyenne",7.95505617977528,87.5056179775281,79.5505617977528,9.09090909090909
"31275","Commune simple",177,8.3502066021054,"moyenne",7.37500000000001,81.1250000000001,73.7500000000001,9.09090909090909
"31276","Commune simple",293,13.7285449694765,"moyenne",21.2172413793104,124.272413793104,103.055172413793,17.0731707317073
"31277","Commune simple",1502,1.74620112379663,"faible",50.2563450600158,803.837546305805,753.581201245789,6.25205245649183
"31278","Commune simple",324,10.4651162790698,"moyenne",11,159,148,6.91823899371069
"31279","Commune simple",77,15.6498604554109,"moyenne",7.18666666666669,37.9866666666668,30.8000000000001,18.9189189189189
"31280","Commune simple",365,5.61224489795918,"moyenne",30,190,160,15.7894736842105
"31281","Commune simple",1405,2.33565590433043,"moyenne",90.629551742682,745.929267273162,655.29971553048,12.1498854809639
"31282","Commune simple",8564,0.604419374942133,"faible",540.877349335601,4591.47788490726,4050.60053557166,11.7800273222164
"31283","Commune simple",266,3.10077519379845,"moyenne",17,140,123,12.1428571428571
"31284","Commune simple",1565,0.169754225508936,"faible",56.1744332493703,819.949622166247,763.775188916877,6.85096153846154
"31285","Commune simple",732,1.4861196934046,"faible",19.7039030955585,376.344549125168,356.64064602961,5.23560209424084
"31286","Commune simple",631,1.74902124307922,"faible",27.8821991486333,311.368821348306,283.486622199672,8.9547177613662
"31287","Commune simple",2958,2.84252278601657,"moyenne",139.143003539668,1494.72691223444,1355.58390869477,9.30892475413224
"31288","Commune simple",327,9.46566136698928,"moyenne",13.3401820508425,135.831255224723,122.491073173881,9.82114317413332
"31289","Commune simple",260,6.02953083501572,"moyenne",11.6417910447761,109.626865671642,97.9850746268657,10.6194690265487
"31290","Commune simple",43,54.2597170996637,"forte",5.1190476190476,18.4285714285714,13.3095238095238,27.7777777777778
"31291","Commune simple",9063,0.628962528092837,"faible",420.518589650862,5038.87171693033,4618.35312727947,8.34549107963877
"31292","Commune simple",71,2.59610027855153,"moyenne",3.94444444444444,32.5416666666667,28.5972222222222,12.1212121212121
"31293","Commune simple",2692,0.362523058003732,"faible",143.463701977171,1547.01035614029,1403.54665416312,9.27360966962789
"31294","Commune simple",96,13.4033353922174,"moyenne",9.29032258064517,38.1935483870968,28.9032258064516,24.3243243243243
"31295","Commune simple",80,22.4722357621827,"forte",3.95061728395062,33.5802469135802,29.6296296296296,11.7647058823529
"31296","Commune simple",437,7.03101920236335,"moyenne",33.4206000949049,201.391687148162,167.971087053257,16.5948260169833
"31297","Commune simple",2067,1.86233775931125,"moyenne",89.9971604353999,1025.18504495977,935.187884524373,8.77862595419847
"31299","Commune simple",3630,0.999520644474586,"faible",194.15788510794,1809.8637028906,1615.70581778266,10.7277628032345
"31300","Commune simple",126,1.60112719354426,"faible",7.056,61.488,54.432,11.4754098360656
"31301","Commune simple",131,21.2798035710439,"forte",5.03846153846155,50.3846153846155,45.346153846154,10
"31302","Commune simple",290,5.75539568345324,"moyenne",13,139,126,9.35251798561151
"31303","Commune simple",3020,1.46203171885973,"faible",182.258273848151,1492.36210253082,1310.10382868267,12.2127380170716
"31304","Commune simple",463,7.92079207920792,"moyenne",29,255,226,11.3725490196078
"31305","Commune simple",198,12.9534495256705,"moyenne",6.0612244897959,98.9999999999997,92.9387755102038,6.12244897959184
"31306","Commune simple",91,56.9638101206329,"forte",3.95652173913044,39.5652173913044,35.6086956521739,10
"31308","Commune simple",58,34.8027842227378,"forte",0,18.3666666666667,18.3666666666667,0
"31309","Commune simple",226,14.2726573905366,"moyenne",14.9339207048458,101.550660792952,86.6167400881058,14.7058823529412
"31310","Commune simple",346,3.07875348741006,"moyenne",12.0546004869571,172.782606979719,160.728006492762,6.97674418604651
"31311","Commune simple",1164,1.33587786259542,"faible",56.3214285714286,584.97619047619,528.654761904762,9.62798648703651
"31312","Commune simple",35,0,"faible",0,17.5,17.5,0
"31313","Commune simple",119,41.3332019259114,"forte",6.21241406592462,53.7696523077914,47.5572382418667,11.5537553234735
"31314","Commune simple",427,4.39151011529849,"moyenne",22.9335038363172,192.204603580563,169.271099744246,11.9318181818182
"31315","Commune simple",973,8.07496889257587,"moyenne",63.9888974807159,394.083421818862,330.094524338146,16.2373989713599
"31316","Commune simple",480,33.1073390545832,"forte",19.7525773196036,195.550515464076,175.797938144472,10.1010101010101
"31317","Commune simple",470,4.97248725414567,"moyenne",39.047095947407,238.513064875209,199.465968927802,16.3710511907751
"31318","Commune simple",220,10.9322300670054,"moyenne",10.9502262443439,98.552036199095,87.6018099547511,11.1111111111111
"31319","Commune simple",137,6.11234091699921,"moyenne",11.6821705426357,60.5348837209303,48.8527131782946,19.2982456140351
"31320","Commune simple",980,1.15564469517915,"faible",52.4449108079746,504.910807974814,452.46589716684,10.3869653767821
"31321","Commune simple",124,23.75,"forte",5,67,62,7.46268656716418
"31322","Commune simple",59,20.2275600505689,"forte",6.88333333333333,23.6,16.7166666666667,29.1666666666667
"31323","Commune simple",364,6.70103092783505,"moyenne",16,178,162,8.98876404494382
"31324","Commune simple",2369,4.70588235294118,"moyenne",185,1004,819,18.4262948207171
"31325","Commune simple",169,4.22535211267606,"moyenne",7,99,92,7.07070707070707
"31326","Commune simple",87,8.71768371691246,"moyenne",3.91011235955056,43.0112359550562,39.1011235955056,9.09090909090909
"31327","Commune simple",224,12.2983534284092,"moyenne",14.2545454545455,120.145454545455,105.890909090909,11.864406779661
"31328","Commune simple",328,6.00187748478229,"moyenne",9.2830188679245,173.283018867924,163.999999999999,5.35714285714286
"31329","Commune simple",202,8.24742268041237,"moyenne",9,110,101,8.18181818181818
"31330","Commune simple",512,5.21728455683771,"moyenne",30.1176470588235,262.023529411764,231.905882352941,11.4942528735632
"31331","Commune simple",303,0,"faible",11.8457829968509,153.90582521426,142.060042217409,7.69677364736507
"31332","Commune simple",241,4.52044025131122,"moyenne",21.9130523768752,132.496280924023,110.583228547148,16.5386169514001
"31333","Commune simple",90,15.5555555555556,"moyenne",5,42,37,11.9047619047619
"31334","Commune simple",1263,1.59354857937594,"faible",51.2693208430913,639.88056206089,588.611241217798,8.01232665639446
"31335","Commune simple",24,67.6470588235294,"forte",0,9,9,0
"31336","Commune simple",601,9.54798651264158,"moyenne",41.6151368760064,277.756843800322,236.141706924316,14.9825783972125
"31337","Commune simple",88,69.6256903252199,"forte",3.82608695652174,39.2173913043478,35.3913043478261,9.75609756097561
"31338","Commune simple",762,2.49891915261564,"moyenne",28.9382039272529,407.660915886932,378.722711959679,7.09859660308448
"31339","Commune simple",485,2.61797367518661,"moyenne",22.9526748971193,256.471193415638,233.518518518519,8.94941634241245
"31340","Commune simple",266,4.04728419932343,"moyenne",7.8235294117647,131.044117647059,123.220588235294,5.97014925373134
"31341","Commune simple",5367,6.33213859020311,"moyenne",299,2806,2507,10.655737704918
"31342","Commune simple",178,44.5086705202312,"forte",12,91,79,13.1868131868132
"31343","Commune simple",64,21.6865521021865,"forte",3.14754098360655,17.8360655737705,14.6885245901639,17.6470588235294
"31344","Commune simple",771,3.98435263810708,"moyenne",69.6251340897727,302.432403783394,232.807269693621,23.0217176528608
"31345","Commune simple",2437,1.59329792671273,"faible",133.720806774002,1199.87138077726,1066.15057400326,11.1445950721301
"31346","Commune simple",1001,1.86046511627907,"moyenne",62,541,479,11.460258780037
"31347","Commune simple",166,14,"moyenne",7,80,73,8.75
"31348","Commune simple",38,62.844275768064,"forte",2.05405405405406,9.24324324324327,7.18918918918921,22.2222222222222
"31349","Commune simple",907,1.41617355429263,"faible",49.271618625277,416.294900221728,367.023281596451,11.8357487922705
"31350","Commune simple",98,20.3125,"forte",5,35,30,14.2857142857143
"31351","Commune simple",4541,0.539143363478365,"faible",257.738839834743,2587.57623602162,2329.83739618688,9.96062787433131
"31352","Commune simple",237,0,"faible",5.02118644067795,103.436440677966,98.4152542372878,4.85436893203883
"31353","Commune simple",93,5.8767714486854,"moyenne",5.16666666666665,47.5333333333332,42.3666666666665,10.8695652173913
"31354","Commune simple",67,3.52571699454847,"moyenne",2.39285714285714,33.5,31.1071428571429,7.14285714285714
"31355","Commune simple",1762,0.155763239875389,"faible",49,842,793,5.81947743467934
"31356","Commune simple",1604,0.79874137722378,"faible",61.4355106917141,817.500096682971,756.064585991257,7.51504629063536
"31357","Commune simple",273,19.3284909172317,"forte",8.13576158940397,125.652317880795,117.516556291391,6.47482014388489
"31358","Commune simple",3358,1.29979965817399,"faible",135.512968112022,1693.88398553994,1558.37101742791,8.00013278765524
"31359","Commune simple",75,9.375,"moyenne",7,39,32,17.9487179487179
"31360","Commune simple",488,39.7124441831668,"forte",13.8870535043553,182.515560342956,168.6285068386,7.60869565217391
"31361","Commune simple",517,5.03731618894428,"moyenne",12.2608695652174,253.391304347825,241.130434782608,4.83870967741935
"31362","Commune simple",209,6.16299387143044,"moyenne",13.8672985781991,90.1374407582938,76.2701421800948,15.3846153846154
"31363","Commune simple",222,22.8806508274014,"forte",10.8533333333333,88.8,77.9466666666667,12.2222222222222
"31364","Commune simple",2932,1.2589928057554,"faible",108,1510,1402,7.1523178807947
"31365","Commune simple",477,22.5433526011561,"forte",44,208,164,21.1538461538462
"31366","Commune simple",590,5.04943382030372,"moyenne",15.3817358158891,324.433952945849,309.05221712996,4.74109928268095
"31367","Commune simple",90,3.08485393993946,"moyenne",2.3076923076923,43.8461538461537,41.5384615384614,5.26315789473684
"31368","Commune simple",242,0,"faible",12.3050847457627,121,108.694915254237,10.1694915254237
"31369","Commune simple",42,37.5,"forte",1,14,13,7.14285714285714
"31370","Commune simple",135,4.91803278688525,"moyenne",4,71,67,5.63380281690141
"31371","Commune simple",455,2.14004674127304,"moyenne",14.8139534883721,224.325581395349,209.511627906977,6.60377358490566
"31372","Commune simple",453,11.4265595978205,"moyenne",19.8846344393203,205.61551662132,185.730882182,9.67078495147894
"31373","Commune simple",174,16.6666666666667,"forte",9,73,64,12.3287671232877
"31374","Commune simple",962,2.49153585369903,"moyenne",17.4380664652568,478.57804632427,461.139979859013,3.64372469635628
"31375","Commune simple",3020,8.44817255841821,"moyenne",188,1319,1131,14.2532221379833
"31376","Commune simple",102,7.6537512928634,"moyenne",3.92307692307692,51,47.0769230769231,7.69230769230769
"31377","Commune simple",745,0.688779708203374,"faible",26.4306730923524,382.74019110906,356.309518016708,6.90564349036996
"31378","Commune simple",85,5.88235294117647,"moyenne",7,39,32,17.9487179487179
"31379","Commune simple",195,1.22854790703565,"faible",13.0670103092784,108.556701030928,95.4896907216497,12.037037037037
"31380","Commune simple",480,1.99570572967487,"moyenne",24.6406570841889,241.478439425051,216.837782340862,10.2040816326531
"31381","Commune simple",2323,0.937020627094048,"faible",85.1888801261829,1131.27168769716,1046.08280757098,7.53036437246964
"31382","Commune simple",104,8.28823696952435,"moyenne",3.85185185185185,52,48.1481481481481,7.40740740740741
"31383","Commune simple",1286,1.94146367296354,"moyenne",52.4897959183676,612.717425431714,560.227629513347,8.5667215815486
"31384","Commune simple",1447,1.66696934802436,"faible",43.1529187817259,762.062182741116,718.909263959391,5.66265060240964
"31385","Commune simple",210,21.5189873417722,"forte",12,73,61,16.4383561643836
"31386","Commune simple",212,10.181585708216,"moyenne",11.1047619047619,94.8952380952381,83.7904761904762,11.7021276595745
"31387","Commune simple",133,8.42854662994081,"moyenne",6.13846153846152,64.453846153846,58.3153846153844,9.52380952380952
"31388","Commune simple",389,4.29447852760736,"moyenne",16,201,185,7.96019900497512
"31389","Commune simple",4122,0.221265243372975,"faible",167.329959985345,2068.58540281226,1901.25544282692,8.08910087820683
"31390","Commune simple",2830,4.25097545991462,"moyenne",265.32570026291,1089.97804290824,824.652342645325,24.3422977177576
"31391","Commune simple",445,13.7972570591916,"moyenne",25,203,178,12.3152709359606
"31392","Commune simple",73,2.90691320787709,"moyenne",4.17142857142856,37.542857142857,33.3714285714285,11.1111111111111
"31393","Commune simple",171,5.27245479068841,"moyenne",3.07185628742514,79.8682634730536,76.7964071856285,3.84615384615385
"31394","Commune simple",144,39.3688456985332,"forte",7.41176470588232,61.4117647058821,53.9999999999998,12.0689655172414
"31395","Sous-pr√©fecture",25207,1.00198254165042,"faible",1911.83071409053,11939.4712025962,10027.6404885057,16.0126916983962
"31396","Commune simple",3816,1.00930360014481,"faible",237.041473065797,2037.8560028297,1800.8145297639,11.6319049401257
"31397","Commune simple",64,7.30858468677492,"moyenne",3.04761904761906,23.3650793650795,20.3174603174604,13.0434782608696
"31398","Commune simple",80,21.8037234271607,"forte",1.72043010752688,30.9677419354839,29.247311827957,5.55555555555556
"31399","Commune simple",2899,1.89114995544842,"moyenne",170.022440950414,1439.40484991012,1269.38240895971,11.811995837101
"31400","Commune simple",79,5,"moyenne",3,37,34,8.10810810810811
"31401","Commune simple",404,4.45388429995651,"moyenne",17.3434343434343,227.50505050505,210.161616161616,7.62331838565022
"31402","Commune simple",855,0,"faible",26.7371516246113,433.858622933118,407.121471308507,6.1626415176109
"31403","Commune simple",718,1.53796482673267,"faible",32.6224903047782,381.201012758063,348.578522453284,8.55781837218852
"31404","Commune simple",88,54.4953430906672,"forte",1.87234042553191,41.1914893617021,39.3191489361702,4.54545454545455
"31405","Commune simple",104,50.0432742700492,"forte",6.72885861403812,44.2548785975043,37.5260199834662,15.2047838052765
"31406","Commune simple",804,9.47746952654747,"moyenne",54.7273501981857,376.131625723275,321.404275525089,14.5500528154071
"31407","Commune simple",1229,1.26050420168068,"faible",54.7671192426474,654.118080391535,599.350961148888,8.37266556060727
"31408","Commune simple",91,38.8059701492537,"forte",5,32,27,15.625
"31409","Commune simple",2151,1.1792735250326,"faible",91.5942051947276,1153.24701400974,1061.65280881501,7.94228851946145
"31410","Commune simple",4420,0.570551491681187,"faible",155.789825196396,2190.04542728011,2034.25560208371,7.11354309165527
"31411","Commune simple",863,0,"faible",25.4399092970521,399.210884353741,373.770975056689,6.37254901960784
"31412","Commune simple",295,15.3841946945511,"moyenne",13.4104446012703,121.781298517996,108.370853916726,11.0119080388099
"31413","Commune simple",517,4.23728813559322,"moyenne",30,275,245,10.9090909090909
"31414","Commune simple",82,11.675293523545,"moyenne",3.85882352941176,35.6941176470588,31.8352941176471,10.8108108108108
"31415","Commune simple",88,13.2033652976297,"moyenne",6.2857142857143,35.6190476190477,29.3333333333334,17.6470588235294
"31416","Commune simple",568,0.900900900900901,"faible",22,258,236,8.52713178294574
"31417","Commune simple",8379,0.673686385894194,"faible",326.808474789899,3970.25693755781,3643.44846276791,8.2314187703662
"31418","Commune simple",896,0.897072710103877,"faible",37.3812168024505,370.627442711905,333.246225909455,10.0859279412581
"31419","Commune simple",172,8.6261448792673,"moyenne",12.7045454545455,85.0227272727273,72.3181818181818,14.9425287356322
"31420","Commune simple",2767,0.754240585491117,"faible",126.205146727747,1285.36794220355,1159.1627954758,9.81860077445135
"31421","Commune simple",4384,0.697799248523886,"faible",263,2170,1907,12.1198156682028
"31422","Commune simple",99,15.2235965746908,"moyenne",1.98,41.58,39.6,4.76190476190476
"31423","Commune simple",306,2.86776883775445,"moyenne",21.1381578947368,161.052631578947,139.91447368421,13.125
"31424","Commune simple",18250,0.580779312343803,"faible",894.388415174524,9016.35628640123,8121.9678712267,9.91962148305375
"31425","Commune simple",454,16.8339606859091,"forte",35.4226653613289,211.269045028062,175.846379666733,16.7666140378605
"31426","Commune simple",844,14.0470612704252,"moyenne",37.9411223116465,357.089138136106,319.14801582446,10.625112404619
"31427","Commune simple",913,10.4508196721311,"moyenne",67,409,342,16.3814180929095
"31428","Commune simple",55,5.65704183853859,"moyenne",1.01851851851852,23.425925925926,22.4074074074074,4.34782608695652
"31429","Commune simple",2256,0.821548027236665,"faible",80.9896193771627,1179.71626297578,1098.72664359862,6.86517783291977
"31430","Commune simple",630,6.65592539699981,"moyenne",36.2377137685227,302.057772634389,265.820058865866,11.9969479522002
"31431","Commune simple",68,59.7273047733842,"forte",5.3125,21.25,15.9375,25
"31432","Commune simple",40,51.2196955145603,"forte",1.05263157894737,15.7894736842106,14.7368421052632,6.66666666666667
"31433","Commune simple",9718,0.888056214144973,"faible",656.335654562154,4499.57079282728,3843.23513826513,14.5866280314649
"31434","Commune simple",73,53.4116896239962,"forte",2.84415584415584,39.8181818181818,36.974025974026,7.14285714285714
"31435","Commune simple",867,3.38642631036474,"moyenne",44.3352272727273,435.470454545455,391.135227272727,10.1809954751131
"31436","Commune simple",406,10.2150537634409,"moyenne",38,206,168,18.4466019417476
"31437","Commune simple",89,7.49262536873151,"moyenne",0,49.5568181818184,49.5568181818184,0
"31439","Commune simple",718,2.60843970130483,"moyenne",20.3111739745404,378.803394625178,358.492220650638,5.36193029490617
"31440","Commune simple",71,10.9717509357088,"moyenne",4.79729729729729,39.3378378378378,34.5405405405405,12.1951219512195
"31441","Commune simple",150,6.06060606060606,"moyenne",8,75,67,10.6666666666667
"31442","Commune simple",493,1.86915887850467,"moyenne",26,275,249,9.45454545454546
"31443","Commune simple",302,18.5567010309278,"forte",10,129,119,7.75193798449612
"31444","Commune simple",147,6.63696022036787,"moyenne",4.08333333333332,75.5416666666664,71.4583333333331,5.40540540540541
"31445","Commune simple",5606,1.35553834237026,"faible",211,2565,2354,8.2261208576998
"31446","Commune simple",14145,1.15722489166664,"faible",913.328290349448,6644.99773889495,5731.6694485455,13.7445989635706
"31447","Commune simple",39,75.2244202514147,"forte",1.05405405405405,10.5405405405405,9.48648648648645,10
"31448","Commune simple",488,0.716442036949598,"faible",14.6295503211991,236.162740899357,221.533190578158,6.19469026548673
"31449","Commune simple",130,25.863034148162,"forte",4.92424242424242,57.1212121212121,52.1969696969697,8.62068965517241
"31450","Commune simple",552,4.17874738955009,"moyenne",18.0609051562706,281.895904216256,263.834999059985,6.40694131632905
"31451","Commune simple",9567,3.60231837760328,"moyenne",619.671193932102,3849.67939455212,3230.00820062002,16.0966961251119
"31452","Commune simple",52,27.8206698258879,"forte",2.83636363636364,20.8,17.9636363636364,13.6363636363636
"31453","Commune simple",128,1.92307692307692,"moyenne",11,70,59,15.7142857142857
"31454","Commune simple",3512,2.49565012719368,"moyenne",229.212276231202,1619.12526242023,1389.91298618903,14.1565499316946
"31455","Commune simple",2576,5.16354305818248,"moyenne",140.54060652394,1162.25968456759,1021.71907804365,12.0920142365798
"31456","Commune simple",47,27.9875610839627,"forte",5.64,22.56,16.92,25
"31457","Commune simple",798,9.49077833520544,"moyenne",65.6582278481012,371.726582278481,306.068354430379,17.6630434782609
"31458","Commune simple",4492,0.642850546849508,"faible",230.857448437275,2235.12774100343,2004.27029256616,10.3286019945166
"31459","Commune simple",703,2.19893172952842,"moyenne",25.5079825834543,354.050798258345,328.542815674891,7.20461095100865
"31460","Commune simple",4103,0.276406289697064,"faible",191.825204204843,1947.77535644818,1755.95015224333,9.84842546496954
"31461","Commune simple",293,16.8928141661806,"forte",20.1374570446736,135.927835051547,115.790378006873,14.8148148148148
"31462","Commune simple",1978,2.5255146193707,"moyenne",46.8610087072352,932.013395399455,885.15238669222,5.02793296089385
"31463","Commune simple",240,3.76132513124791,"moyenne",12.7868852459016,124.918032786885,112.131147540984,10.2362204724409
"31464","Commune simple",310,4.31426456593001,"moyenne",23,161,138,14.2857142857143
"31465","Commune simple",14,73.3333333333333,"forte",1,7,6,14.2857142857143
"31466","Commune simple",784,4.79233226837061,"moyenne",42,389,347,10.7969151670951
"31467","Commune simple",6122,0.647190122668661,"faible",318.37857237813,3060.02714758097,2741.64857520284,10.404436203444
"31468","Commune simple",220,22.103944113389,"forte",4.84581497797357,100.79295154185,95.9471365638767,4.80769230769231
"31469","Commune simple",151,9.80575270825548,"moyenne",14.0933333333334,86.5733333333336,72.4800000000002,16.2790697674419
"31470","Commune simple",94,87.2129608442013,"forte",0,39.9996237037674,39.9996237037674,0
"31471","Commune simple",404,42.9432451277169,"forte",11.6811145510836,135.49226006192,123.811145510836,8.6212412028151
"31472","Commune simple",247,32.7823385844243,"forte",11.1810699588477,103.679012345679,92.4979423868309,10.7843137254902
"31473","Commune simple",431,4.62107862215862,"moyenne",21.8479262672811,219.472350230415,197.624423963134,9.95475113122172
"31474","Commune simple",247,8.70836165873558,"moyenne",9.11065573770489,111.352459016393,102.241803278688,8.18181818181818
"31475","Commune simple",1336,1.58450704225352,"faible",64,690,626,9.27536231884058
"31476","Commune simple",889,4.62724935732648,"moyenne",60,426,366,14.0845070422535
"31477","Commune simple",43,27.7392040643523,"forte",0,23.547619047619,23.547619047619,0
"31478","Commune simple",1276,10.4556343453199,"moyenne",106.416994492526,581.277734067666,474.86073957514,18.307426597582
"31479","Commune simple",53,28.4513366233817,"forte",4.56896551724138,27.4137931034483,22.8448275862069,16.6666666666667
"31480","Commune simple",1978,0.118656145374127,"faible",59.0241888956169,1056.62974219695,997.605553301329,5.58608058608059
"31481","Commune simple",2057,1.12620950880384,"faible",94.7427626137305,1022.22591129906,927.483148685332,9.26828028584501
"31482","Commune simple",216,24.2647058823529,"forte",13,93,80,13.9784946236559
"31483","Sous-pr√©fecture",11431,3.11248640607633,"moyenne",949.646693056374,4467.05399509613,3517.40730203975,21.2589033868604
"31484","Commune simple",2436,1.46788990825688,"faible",115,1188,1073,9.68013468013468
"31485","Commune simple",110,10.9575518262586,"moyenne",7.92792792792793,63.4234234234234,55.4954954954955,12.5
"31486","Commune simple",1164,0.918228047960187,"faible",52.5492752903841,603.411437977575,550.862162687191,8.70869724752169
"31487","Commune simple",232,4.43320772898116,"moyenne",6.92661748692658,97.9621616008188,91.0355441138922,7.07070707070707
"31488","Commune simple",10733,0.80621985137898,"faible",580.106588641435,5220.35197247316,4640.24538383172,11.1124037555385
"31489","Commune simple",366,2.16769207093539,"moyenne",10.7074468085106,180.079787234043,169.372340425532,5.94594594594595
"31490","Commune simple",5692,0.520999083454756,"faible",321.553184224005,3072.20368789483,2750.65050367082,10.4665320691788
"31491","Commune simple",414,10.2986965579106,"moyenne",33.4710550515874,204.906849617039,171.435794565452,16.3347663165693
"31492","Commune simple",547,3.60495507338272,"moyenne",25.3614164419001,265.981694418276,240.620277976376,9.53502326442712
"31493","Commune simple",138,10.9810254339927,"moyenne",6.08823529411764,47.6911764705882,41.6029411764705,12.7659574468085
"31494","Commune simple",176,28.9028676878281,"forte",9.74291335273601,69.9999674818883,60.2570541291523,13.9184541125064
"31495","Commune simple",1257,1.1731074389538,"faible",46.1915559030492,679.114151681,632.922595777951,6.80173661360347
"31496","Commune simple",282,1.92307571621653,"moyenne",12.9655172413793,133.977011494253,121.011494252873,9.67741935483871
"31497","Commune simple",2135,0.683337212782237,"faible",69.1933260789401,1126.13145743685,1056.93813135791,6.14433826725957
"31498","Commune simple",35,41.3316582914573,"forte",0.972222222222222,12.6388888888889,11.6666666666667,7.69230769230769
"31499","Commune simple",9379,1.14437108139599,"faible",587.753929401017,4665.66088570197,4077.90695630095,12.5974421159112
"31500","Commune simple",545,64.5474137931034,"forte",21,248,227,8.46774193548387
"31501","Commune simple",388,2.87202988273983,"moyenne",11.1420227248082,208.241546012398,197.09952328759,5.35052823904068
"31502","Commune simple",357,8.31144191672939,"moyenne",18.8291177762328,142.504387700953,123.67526992472,13.213009143091
"31503","Commune simple",963,7.18553407171633,"moyenne",61.8834392501181,357.130153179808,295.24671392969,17.3279793652599
"31504","Commune simple",220,10.588923646784,"moyenne",9.95475113122172,105.52036199095,95.5656108597285,9.43396226415094
"31505","Commune simple",316,7.65149209860545,"moyenne",22.7125,147.1375,124.425,15.4362416107383
"31506","Commune simple",11520,0.855118368410005,"faible",491.633877683952,5208.62761263406,4716.99373495011,9.43883714188827
"31507","Commune simple",1574,1.48680111619873,"faible",97.8301538461539,873.691076923077,775.860923076923,11.1973392461197
"31508","Commune simple",36,67.7172028510885,"forte",0,14.8235294117646,14.8235294117646,0
"31509","Commune simple",146,56.2162162162162,"forte",15,66,51,22.7272727272727
"31510","Commune simple",128,9.98504996459203,"moyenne",2.72340425531915,58.0992907801418,55.3758865248227,4.6875
"31511","Commune simple",247,2.26031445797376,"moyenne",10.3347280334728,126.083682008368,115.748953974895,8.19672131147541
"31512","Commune simple",854,2.05034741997949,"moyenne",32.2645951273353,437.368720842122,405.104125714787,7.37697818563983
"31513","Commune simple",366,15.3256704980843,"moyenne",13,137,124,9.48905109489051
"31514","Commune simple",48,6.45161290322581,"moyenne",0,20,20,0
"31515","Commune simple",472,0.978538337891045,"faible",16.3430613954447,218.075035256942,201.731973861497,7.49423764906831
"31516","Commune simple",1762,0.410396716826265,"faible",91,863,772,10.5446118192352
"31517","Commune simple",2364,2.30938180537352,"moyenne",178.671122761174,1170.68783858172,992.016715820544,15.2620636238635
"31518","Commune simple",568,2.01930731196911,"moyenne",15.7504332755633,302.21143847487,286.461005199307,5.21172638436482
"31519","Commune simple",192,0,"faible",6,99,93,6.06060606060606
"31520","Commune simple",121,8.33333333333333,"moyenne",11,58,47,18.9655172413793
"31521","Commune simple",342,21.6216216216216,"forte",15,148,133,10.1351351351351
"31522","Commune simple",54,37.5378683558248,"forte",2.79310344827586,19.551724137931,16.7586206896552,14.2857142857143
"31523","Commune simple",1802,13.4147634905728,"moyenne",108.445998001663,627.954098836524,519.508100834861,17.269733281874
"31524","Commune simple",133,51.5819678320622,"forte",5,76,71,6.57894736842105
"31525","Commune simple",563,5.66912092392931,"moyenne",43.3818493150685,287.284246575342,243.902397260274,15.1006711409396
"31526","Commune simple",8234,0.521044590835409,"faible",342.864797117684,4430.14032115928,4087.2755240416,7.73936652706213
"31527","Commune simple",139,5.30206994755673,"moyenne",1.00724637681159,64.4637681159418,63.4565217391302,1.5625
"31528","Commune simple",135,9.45945945945946,"moyenne",13,68,55,19.1176470588235
"31529","Commune simple",131,16.8710359408034,"forte",6.89473684210527,57.1278195488722,50.2330827067669,12.0689655172414
"31530","Commune simple",250,9.1305943958693,"moyenne",7.27910012222624,94.6283015889411,87.3492014667149,7.69230769230769
"31531","Commune simple",77,33.3464390524713,"forte",2.96153846153846,30.6025641025641,27.6410256410256,9.67741935483871
"31532","Commune simple",95,7.98870084495869,"moyenne",9.19354838709681,41.8817204301077,32.6881720430109,21.9512195121951
"31533","Commune simple",2200,0.749019759149171,"faible",87.0112359550562,1100.49438202247,1013.48314606742,7.90655884995508
"31534","Commune simple",206,1.07175647931164,"faible",8.87081339712919,108.421052631579,99.5502392344498,8.18181818181818
"31535","Commune simple",639,21.2203816313693,"forte",35.3429311285284,273.682430826867,238.339499698338,12.9138472724567
"31536","Commune simple",282,0.798378677308153,"faible",13.3279449642413,143.034077621437,129.706132657196,9.31802070239225
"31537","Commune simple",171,7.40740740740741,"moyenne",9,97,88,9.27835051546392
"31538","Commune simple",213,7.56326600140338,"moyenne",16.6100917431193,98.6834862385321,82.0733944954128,16.8316831683168
"31539","Commune simple",61,10.1223112610713,"moyenne",4.06666666666668,25.4166666666667,21.3500000000001,16
"31540","Commune simple",286,3.9747665853167,"moyenne",9.78707224334601,141.368821292776,131.58174904943,6.92307692307692
"31541","Commune simple",3231,2.69972496646868,"moyenne",152.271539215263,1879.07926021974,1726.80772100448,8.10351869869801
"31542","Commune simple",204,16.3636363636364,"forte",10,81,71,12.3456790123457
"31543","Commune simple",109,10.4981084489281,"moyenne",3.92792792792793,53.027027027027,49.0990990990991,7.40740740740741
"31544","Commune simple",209,43.54602412643,"forte",14,92,78,15.2173913043478
"31545","Commune simple",230,15.1678179241941,"moyenne",13.5294117647059,97.8280542986423,84.2986425339364,13.8297872340426
"31546","Commune simple",131,8.97204061761026,"moyenne",5.07751937984495,71.0852713178293,66.0077519379844,7.14285714285714
"31547","Commune simple",8787,0.614084289349328,"faible",467.391054227669,3915.4203130606,3448.02925883293,11.9371872457371
"31548","Commune simple",46,62.2950819672131,"forte",2,16,14,12.5
"31549","Commune simple",18,66.9218989280245,"forte",0,5.68421052631579,5.68421052631579,0
"31550","Commune simple",533,19.7101449275364,"forte",26.3886269900487,196.798736238634,170.410109248585,13.4089412840794
"31551","Commune simple",411,4.04421586961893,"moyenne",26.1190560843033,220.052919525873,193.933863441569,11.8694431051311
"31552","Commune simple",139,7.05343511450381,"moyenne",8.23703703703704,68.9851851851852,60.7481481481482,11.9402985074627
"31553","Commune simple",1191,2.51192919131099,"moyenne",65.8737102313587,613.990316762716,548.116606531357,10.7287865024778
"31554","Commune simple",252,17.7215189873418,"forte",7,104,97,6.73076923076923
"31555","Pr√©fecture de r√©gion",475438,3.36657591721227,"moyenne",43697.4223508902,246491.091302786,202793.668951896,17.7277897225149
"31556","Commune simple",387,8.26000567697989,"moyenne",11.1775391742718,191.036250328211,179.85871115394,5.85100427540224
"31557","Commune simple",26436,0.88303151959892,"faible",1401.8408308027,13194.9682841255,11793.1274533228,10.6240560842364
"31558","Commune simple",328,3.2,"moyenne",15,170,155,8.82352941176471
"31559","Commune simple",4,75,"forte",0,0,0,NA
"31560","Commune simple",450,1.7894530227689,"faible",14,233,219,6.00858369098712
"31561","Commune simple",11660,0.507166324073423,"faible",477.905197574964,4925.27850644021,4447.37330886525,9.70311012768239
"31562","Commune simple",124,30.5321100917431,"forte",4.84375,60.0625,55.21875,8.06451612903226
"31563","Commune simple",1321,1.65339887925018,"faible",41.4391736801836,637.758990053557,596.319816373374,6.49762282091918
"31564","Commune simple",144,16.504854368932,"forte",8,66,58,12.1212121212121
"31565","Commune simple",877,6.18429786082175,"moyenne",64.2635937561239,373.36093349256,309.097339736436,17.2121901332788
"31566","Commune simple",527,3.02700563853994,"moyenne",18.2551791361784,271.108619208833,252.853440072655,6.73352960501656
"31567","Commune simple",409,4.78087649402393,"moyenne",10.3460509700485,203.689189613759,193.34313864371,5.07933238365129
"31568","Commune simple",268,0.909090909090909,"faible",9,138,129,6.52173913043478
"31569","Commune simple",377,8.58211340535665,"moyenne",17.463189063457,203.394084702001,185.930895638544,8.58588836988194
"31570","Commune simple",287,4.76140641252054,"moyenne",11.6610434417199,145.846213535929,134.185170094209,7.9954379061389
"31571","Commune simple",282,2.53717321730375,"moyenne",13.9014084507042,147.950704225352,134.049295774648,9.39597315436242
"31572","Commune simple",2554,0.429797807680751,"faible",121.410814872988,1178.98931798149,1057.57850310851,10.2978723404255
"31573","Commune simple",3561,0.94577553593947,"faible",144,1751,1607,8.22387207310108
"31574","Commune simple",2758,1.15083689698588,"faible",125.657621440536,1382.2338358459,1256.57621440536,9.09090909090909
"31575","Commune simple",1160,3.07148102143357,"moyenne",34.7305389221557,488.212147134303,453.481608212147,7.11382113821138
"31576","Commune simple",328,5.9984568547502,"moyenne",15.4808259587021,171.256637168142,155.77581120944,9.03954802259887
"31577","Commune simple",128,4.46931695387591,"moyenne",4.53900709219858,60.822695035461,56.2836879432624,7.46268656716418
"31578","Commune simple",891,1.04712041885124,"faible",41.133897542524,338.245272591229,297.111375048705,12.1609674622813
"31579","Commune simple",802,1.59432683643356,"faible",27.340909090909,430.366161616161,403.025252525252,6.35294117647059
"31580","Commune simple",915,1.19831813713961,"faible",39.7826086956522,468.440217391304,428.657608695652,8.49256900212314
"31581","Commune simple",1526,2.0599671475107,"moyenne",90.6085452968514,754.980906154474,664.372360857623,12.0014353420366
"31582","Commune simple",4376,1.22556566633011,"faible",192.183080382586,2040.66681821317,1848.48373783058,9.41766086787572
"31583","Commune simple",1031,2.54851426467582,"moyenne",44.1109616068146,512.486042706911,468.375081100096,8.60725130655734
"31584","Commune simple",5882,1.17235575316747,"faible",371.585267301924,2665.25764683865,2293.67237953673,13.9418141335294
"31585","Commune simple",1786,4.34782608695652,"moyenne",81,732,651,11.0655737704918
"31586","Commune simple",553,5.37634408602149,"moyenne",23.5815027936386,262.563462810582,238.981960016943,8.981258298932
"31587","Commune simple",1549,2.43404269060613,"moyenne",64.2110293071424,798.317318892974,734.106289585832,8.04329654230523
"31588","Commune simple",9453,0.459560861467793,"faible",495.89842559675,4489.04476244535,3993.1463368486,11.0468585598735
"31589","Commune simple",1390,2.03530637809654,"moyenne",59.9568396431006,712.487111092179,652.530271449079,8.41514726507714
"31590","Commune simple",43,45.9249084249084,"forte",0,15,15,0
"31591","Commune simple",81,15.2635880670208,"moyenne",5.85542168674699,35.1325301204819,29.2771084337349,16.6666666666667
"31592","Commune simple",1828,1.45772594752187,"faible",84,958,874,8.76826722338205
"31593","Commune simple",88,23.3958969882148,"forte",0,37,37,0
